Time [ms];;;;IR RAW;RED RAW
19;10;21,118;;47855;47864
19;10;21,129;0,011;47875;47900
19;10;21,14;0,011;47886;47918
19;10;21,153;0,013;47881;47923
19;10;21,164;0,011;47891;47913
19;10;21,176;0,012;47892;47908
19;10;21,187;0,011;47896;47915
19;10;21,199;0,012;47909;47928
19;10;21,211;0,012;47899;47907
19;10;21,222;0,011;47915;47922
19;10;21,234;0,012;47910;47901
19;10;21,246;0,012;47905;47912
19;10;21,257;0,011;47892;47899
19;10;21,269;0,012;47883;47882
19;10;21,282;0,013;47880;47887
19;10;21,293;0,011;47865;47879
19;10;21,305;0,012;47860;47877
19;10;21,317;0,012;47862;47888
19;10;21,329;0,012;47886;47894
19;10;21,34;0,011;47880;47925
19;10;21,352;0,012;47891;47914
19;10;21,364;0,012;47885;47908
19;10;21,375;0,011;47902;47929
19;10;21,387;0,012;47906;47941
19;10;21,399;0,012;47942;47944
19;10;21,411;0,012;47946;47959
19;10;21,422;0,011;47941;47963
19;10;21,434;0,012;47947;47939
19;10;21,445;0,011;47949;47954
19;10;21,457;0,012;47958;47952
19;10;21,469;0,012;47959;47969
19;10;21,481;0,012;47972;47963
19;10;21,493;0,012;47991;47950
19;10;21,504;0,011;47994;47960
19;10;21,517;0,013;47988;47976
19;10;21,528;0,011;48002;47959
19;10;21,539;0,011;48021;47968
19;10;21,551;0,012;48003;47984
19;10;21,563;0,012;48006;47979
19;10;21,575;0,012;48014;47963
19;10;21,587;0,012;48040;47967
19;10;21,598;0,011;48040;47982
19;10;21,61;0,012;48049;47971
19;10;21,622;0,012;48048;47981
19;10;21,633;0,011;48052;47983
19;10;21,645;0,012;48076;47987
19;10;21,657;0,012;48085;47987
19;10;21,668;0,011;48082;48002
19;10;21,68;0,012;48136;48014
19;10;21,692;0,012;48129;48002
19;10;21,704;0,012;48137;48030
19;10;21,716;0,012;48167;48035
19;10;21,727;0,011;48164;48031
19;10;21,738;0,011;48153;48021
19;10;21,751;0,013;48158;48005
19;10;21,763;0,012;48092;47978
19;10;21,774;0,011;47994;47924
19;10;21,785;0,011;47904;47885
19;10;21,798;0,013;47844;47850
19;10;21,809;0,011;47788;47838
19;10;21,821;0,012;47732;47814
19;10;21,833;0,012;47722;47801
19;10;21,845;0,012;47716;47808
19;10;21,857;0,012;47720;47821
19;10;21,869;0,012;47687;47808
19;10;21,88;0,011;47727;47832
19;10;21,892;0,012;47758;47843
19;10;21,904;0,012;47760;47863
19;10;21,916;0,012;47759;47864
19;10;21,928;0,012;47777;47876
19;10;21,939;0,011;47785;47864
19;10;21,951;0,012;47780;47852
19;10;21,963;0,012;47766;47868
19;10;21,974;0,011;47769;47885
19;10;21,986;0,012;47784;47895
19;10;21,998;0,012;47801;47873
19;10;22,10;0,102;47784;47887
19;10;22,22;0,12;47800;47879
19;10;22,33;0,11;47783;47865
19;10;22,45;0,12;47795;47871
19;10;22,56;0,11;47776;47877
19;10;22,68;0,12;47785;47841
19;10;22,8;0,12;47753;47864
19;10;22,92;0,12;47746;47863
19;10;22,103;-0,817;47763;47845
19;10;22,116;0,013;47756;47840
19;10;22,127;0,011;47753;47854
19;10;22,139;0,012;47767;47853
19;10;22,151;0,012;47781;47860
19;10;22,162;0,011;47771;47881
19;10;22,174;0,012;47796;47872
19;10;22,186;0,012;47802;47863
19;10;22,197;0,011;47829;47876
19;10;22,208;0,011;47839;47867
19;10;22,22;0,012;47875;47885
19;10;22,233;0,013;47879;47881
19;10;22,244;0,011;47868;47882
19;10;22,256;0,012;47890;47895
19;10;22,267;0,011;47890;47906
19;10;22,279;0,012;47901;47913
19;10;22,291;0,012;47911;47903
19;10;22,303;0,012;47931;47910
19;10;22,315;0,012;47943;47922
19;10;22,326;0,011;47940;47914
19;10;22,338;0,012;47959;47913
19;10;22,35;0,012;47977;47940
19;10;22,362;0,012;47982;47922
19;10;22,373;0,011;47974;47942
19;10;22,385;0,012;47979;47940
19;10;22,397;0,012;47985;47917
19;10;22,408;0,011;47982;47927
19;10;22,421;0,013;48017;47924
19;10;22,432;0,011;48025;47949
19;10;22,444;0,012;48030;47956
19;10;22,455;0,011;48048;47970
19;10;22,466;0,011;48055;47974
19;10;22,478;0,012;48057;47976
19;10;22,491;0,013;48080;47968
19;10;22,502;0,011;48072;47974
19;10;22,514;0,012;48111;47998
19;10;22,526;0,012;48110;48020
19;10;22,538;0,012;48128;48003
19;10;22,549;0,011;48122;47984
19;10;22,56;0,011;48114;47986
19;10;22,573;0,013;47998;47924
19;10;22,585;0,012;47901;47863
19;10;22,597;0,012;47829;47822
19;10;22,607;0,01;47773;47782
19;10;22,62;0,013;47722;47790
19;10;22,631;0,011;47685;47761
19;10;22,643;0,012;47644;47757
19;10;22,655;0,012;47629;47754
19;10;22,667;0,012;47632;47763
19;10;22,679;0,012;47636;47743
19;10;22,69;0,011;47635;47754
19;10;22,702;0,012;47674;47785
19;10;22,714;0,012;47676;47784
19;10;22,726;0,012;47681;47777
19;10;22,738;0,012;47709;47779
19;10;22,75;0,012;47709;47788
19;10;22,761;0,011;47717;47770
19;10;22,773;0,012;47730;47798
19;10;22,785;0,012;47743;47822
19;10;22,796;0,011;47763;47792
19;10;22,807;0,011;47766;47805
19;10;22,82;0,013;47764;47815
19;10;22,832;0,012;47766;47811
19;10;22,843;0,011;47765;47812
19;10;22,855;0,012;47745;47801
19;10;22,866;0,011;47743;47797
19;10;22,878;0,012;47726;47800
19;10;22,89;0,012;47745;47800
19;10;22,902;0,012;47729;47798
19;10;22,914;0,012;47729;47790
19;10;22,925;0,011;47734;47802
19;10;22,937;0,012;47740;47813
19;10;22,949;0,012;47750;47807
19;10;22,961;0,012;47759;47821
19;10;22,972;0,011;47788;47835
19;10;22,984;0,012;47808;47853
19;10;22,995;0,011;47810;47854
19;10;23,08;0,085;47824;47845
19;10;23,2;0,12;47854;47865
19;10;23,31;0,11;47831;47873
19;10;23,43;0,12;47875;47863
19;10;23,54;0,11;47890;47893
19;10;23,66;0,12;47878;47890
19;10;23,78;0,12;47888;47885
19;10;23,9;0,12;47911;47896
19;10;23,102;-0,798;47916;47897
19;10;23,113;0,011;47909;47880
19;10;23,125;0,012;47926;47878
19;10;23,137;0,012;47934;47890
19;10;23,148;0,011;47944;47903
19;10;23,16;0,012;47938;47892
19;10;23,172;0,012;47925;47898
19;10;23,184;0,012;47946;47900
19;10;23,194;0,01;47958;47911
19;10;23,207;0,013;47955;47909
19;10;23,219;0,012;47963;47920
19;10;23,23;0,011;47983;47911
19;10;23,242;0,012;47992;47903
19;10;23,254;0,012;48002;47900
19;10;23,266;0,012;48012;47918
19;10;23,277;0,011;48027;47927
19;10;23,288;0,011;48035;47940
19;10;23,301;0,013;48048;47947
19;10;23,313;0,012;48073;47940
19;10;23,324;0,011;48105;47946
19;10;23,335;0,011;48087;47964
19;10;23,347;0,012;48098;47977
19;10;23,359;0,012;48098;47975
19;10;23,372;0,013;48087;47945
19;10;23,383;0,011;48022;47915
19;10;23,395;0,012;47834;47798
19;10;23,407;0,012;47767;47780
19;10;23,419;0,012;47708;47772
19;10;23,43;0,011;47677;47739
19;10;23,442;0,012;47660;47760
19;10;23,454;0,012;47649;47752
19;10;23,466;0,012;47651;47734
19;10;23,477;0,011;47667;47735
19;10;23,489;0,012;47651;47750
19;10;23,501;0,012;47686;47757
19;10;23,513;0,012;47678;47742
19;10;23,524;0,011;47694;47750
19;10;23,536;0,012;47725;47786
19;10;23,548;0,012;47741;47796
19;10;23,56;0,012;47736;47813
19;10;23,572;0,012;47742;47829
19;10;23,582;0,01;47773;47819
19;10;23,594;0,012;47779;47823
19;10;23,606;0,012;47783;47829
19;10;23,618;0,012;47766;47814
19;10;23,63;0,012;47755;47835
19;10;23,642;0,012;47749;47807
19;10;23,654;0,012;47741;47810
19;10;23,666;0,012;47726;47802
19;10;23,677;0,011;47705;47779
19;10;23,688;0,011;47696;47777
19;10;23,701;0,013;47690;47785
19;10;23,712;0,011;47704;47786
19;10;23,724;0,012;47709;47790
19;10;23,735;0,011;47720;47793
19;10;23,747;0,012;47725;47780
19;10;23,759;0,012;47744;47811
19;10;23,771;0,012;47741;47818
19;10;23,782;0,011;47759;47810
19;10;23,794;0,012;47767;47816
19;10;23,806;0,012;47798;47803
19;10;23,818;0,012;47795;47812
19;10;23,829;0,011;47818;47823
19;10;23,841;0,012;47838;47836
19;10;23,853;0,012;47828;47827
19;10;23,865;0,012;47832;47853
19;10;23,876;0,011;47858;47861
19;10;23,888;0,012;47839;47878
19;10;23,9;0,012;47859;47862
19;10;23,912;0,012;47849;47861
19;10;23,923;0,011;47846;47847
19;10;23,935;0,012;47846;47873
19;10;23,947;0,012;47868;47861
19;10;23,959;0,012;47863;47842
19;10;23,97;0,011;47873;47862
19;10;23,982;0,012;47890;47880
19;10;23,994;0,012;47893;47885
19;10;24,05;0,056;47918;47874
19;10;24,17;0,12;47912;47900
19;10;24,29;0,12;47912;47912
19;10;24,41;0,12;47940;47892
19;10;24,53;0,12;47934;47891
19;10;24,64;0,11;47949;47890
19;10;24,76;0,12;47929;47885
19;10;24,88;0,12;47877;47851
19;10;24,99;0,11;47807;47822
19;10;24,111;-0,879;47753;47807
19;10;24,123;0,012;47704;47780
19;10;24,134;0,011;47674;47732
19;10;24,146;0,012;47588;47717
19;10;24,158;0,012;47577;47717
19;10;24,17;0,012;47559;47726
19;10;24,182;0,012;47547;47709
19;10;24,193;0,011;47560;47717
19;10;24,206;0,013;47565;47719
19;10;24,217;0,011;47562;47721
19;10;24,229;0,012;47567;47733
19;10;24,241;0,012;47579;47735
19;10;24,253;0,012;47584;47716
19;10;24,264;0,011;47589;47736
19;10;24,276;0,012;47596;47724
19;10;24,288;0,012;47613;47717
19;10;24,299;0,011;47638;47736
19;10;24,311;0,012;47643;47740
19;10;24,323;0,012;47627;47746
19;10;24,335;0,012;47644;47728
19;10;24,346;0,011;47638;47730
19;10;24,359;0,013;47628;47722
19;10;24,37;0,011;47623;47704
19;10;24,382;0,012;47621;47708
19;10;24,393;0,011;47608;47715
19;10;24,405;0,012;47595;47715
19;10;24,417;0,012;47591;47706
19;10;24,428;0,011;47608;47719
19;10;24,44;0,012;47611;47703
19;10;24,451;0,011;47597;47730
19;10;24,463;0,012;47620;47716
19;10;24,475;0,012;47640;47719
19;10;24,487;0,012;47658;47717
19;10;24,499;0,012;47663;47734
19;10;24,511;0,012;47681;47749
19;10;24,522;0,011;47674;47737
19;10;24,533;0,011;47675;47764
19;10;24,545;0,012;47698;47754
19;10;24,557;0,012;47730;47758
19;10;24,569;0,012;47749;47785
19;10;24,581;0,012;47742;47779
19;10;24,592;0,011;47751;47796
19;10;24,605;0,013;47756;47786
19;10;24,616;0,011;47762;47786
19;10;24,627;0,011;47784;47804
19;10;24,64;0,013;47777;47798
19;10;24,651;0,011;47791;47806
19;10;24,663;0,012;47798;47793
19;10;24,675;0,012;47777;47800
19;10;24,687;0,012;47789;47801
19;10;24,699;0,012;47790;47795
19;10;24,71;0,011;47823;47811
19;10;24,721;0,011;47795;47820
19;10;24,734;0,013;47800;47808
19;10;24,745;0,011;47810;47830
19;10;24,757;0,012;47839;47823
19;10;24,769;0,012;47865;47845
19;10;24,781;0,012;47875;47846
19;10;24,793;0,012;47871;47859
19;10;24,804;0,011;47879;47835
19;10;24,816;0,012;47884;47839
19;10;24,828;0,012;47897;47857
19;10;24,84;0,012;47910;47854
19;10;24,851;0,011;47878;47803
19;10;24,862;0,011;47804;47784
19;10;24,875;0,013;47739;47749
19;10;24,886;0,011;47642;47704
19;10;24,897;0,011;47546;47656
19;10;24,909;0,012;47501;47651
19;10;24,922;0,013;47485;47640
19;10;24,933;0,011;47460;47623
19;10;24,945;0,012;47465;47621
19;10;24,957;0,012;47444;47612
19;10;24,969;0,012;47454;47613
19;10;24,981;0,012;47454;47619
19;10;24,993;0,012;47452;47630
19;10;25,04;0,047;47457;47626
19;10;25,16;0,12;47463;47633
19;10;25,28;0,12;47474;47660
19;10;25,4;0,12;47475;47642
19;10;25,51;0,11;47465;47647
19;10;25,63;0,12;47479;47645
19;10;25,75;0,12;47478;47644
19;10;25,86;0,11;47485;47640
19;10;25,97;0,11;47488;47643
19;10;25,11;-0,86;47496;47661
19;10;25,122;0,012;47505;47653
19;10;25,133;0,011;47503;47654
19;10;25,145;0,012;47491;47648
19;10;25,157;0,012;47474;47652
19;10;25,169;0,012;47476;47647
19;10;25,18;0,011;47453;47637
19;10;25,192;0,012;47460;47620
19;10;25,203;0,011;47468;47608
19;10;25,215;0,012;47483;47633
19;10;25,227;0,012;47463;47608
19;10;25,239;0,012;47470;47646
19;10;25,25;0,011;47493;47644
19;10;25,262;0,012;47498;47642
19;10;25,274;0,012;47508;47657
19;10;25,286;0,012;47530;47674
19;10;25,297;0,011;47540;47658
19;10;25,31;0,013;47546;47684
19;10;25,321;0,011;47580;47685
19;10;25,333;0,012;47576;47708
19;10;25,344;0,011;47575;47694
19;10;25,356;0,012;47592;47705
19;10;25,368;0,012;47610;47693
19;10;25,38;0,012;47609;47716
19;10;25,391;0,011;47617;47720
19;10;25,403;0,012;47610;47698
19;10;25,414;0,011;47623;47703
19;10;25,427;0,013;47646;47700
19;10;25,438;0,011;47636;47712
19;10;25,45;0,012;47661;47713
19;10;25,462;0,012;47666;47707
19;10;25,474;0,012;47667;47724
19;10;25,485;0,011;47671;47722
19;10;25,497;0,012;47670;47721
19;10;25,508;0,011;47686;47731
19;10;25,52;0,012;47695;47718
19;10;25,532;0,012;47683;47733
19;10;25,544;0,012;47703;47727
19;10;25,556;0,012;47703;47751
19;10;25,568;0,012;47733;47738
19;10;25,579;0,011;47744;47745
19;10;25,591;0,012;47765;47751
19;10;25,603;0,012;47766;47757
19;10;25,614;0,011;47800;47770
19;10;25,626;0,012;47804;47777
19;10;25,638;0,012;47809;47768
19;10;25,649;0,011;47805;47768
19;10;25,662;0,013;47703;47700
19;10;25,673;0,011;47638;47682
19;10;25,685;0,012;47535;47646
19;10;25,696;0,011;47499;47610
19;10;25,708;0,012;47451;47601
19;10;25,72;0,012;47373;47566
19;10;25,731;0,011;47368;47555
19;10;25,744;0,013;47355;47547
19;10;25,756;0,012;47352;47573
19;10;25,768;0,012;47340;47556
19;10;25,779;0,011;47353;47577
19;10;25,791;0,012;47368;47568
19;10;25,803;0,012;47351;47564
19;10;25,814;0,011;47350;47587
19;10;25,826;0,012;47356;47579
19;10;25,838;0,012;47370;47571
19;10;25,849;0,011;47360;47568
19;10;25,861;0,012;47359;47569
19;10;25,873;0,012;47373;47590
19;10;25,885;0,012;47393;47577
19;10;25,896;0,011;47397;47596
19;10;25,908;0,012;47413;47610
19;10;25,92;0,012;47406;47589
19;10;25,932;0,012;47409;47590
19;10;25,944;0,012;47415;47594
19;10;25,955;0,011;47385;47579
19;10;25,967;0,012;47368;47589
19;10;25,979;0,012;47393;47565
19;10;25,991;0,012;47368;47577
19;10;26,03;0,039;47375;47580
19;10;26,13;0,1;47371;47573
19;10;26,26;0,13;47377;47574
19;10;26,38;0,12;47396;47571
19;10;26,49;0,11;47399;47594
19;10;26,62;0,13;47410;47581
19;10;26,73;0,11;47411;47594
19;10;26,84;0,11;47425;47596
19;10;26,96;0,12;47429;47616
19;10;26,108;-0,852;47441;47598
19;10;26,12;0,012;47457;47602
19;10;26,13;0,01;47456;47619
19;10;26,142;0,012;47451;47617
19;10;26,154;0,012;47484;47620
19;10;26,166;0,012;47490;47633
19;10;26,178;0,012;47505;47618
19;10;26,19;0,012;47505;47640
19;10;26,202;0,012;47510;47631
19;10;26,213;0,011;47525;47641
19;10;26,225;0,012;47521;47639
19;10;26,237;0,012;47522;47655
19;10;26,248;0,011;47547;47651
19;10;26,261;0,013;47536;47636
19;10;26,272;0,011;47577;47665
19;10;26,284;0,012;47581;47646
19;10;26,296;0,012;47577;47661
19;10;26,308;0,012;47590;47668
19;10;26,319;0,011;47586;47648
19;10;26,331;0,012;47600;47652
19;10;26,343;0,012;47616;47674
19;10;26,355;0,012;47605;47687
19;10;26,365;0,01;47617;47684
19;10;26,378;0,013;47635;47681
19;10;26,389;0,011;47646;47691
19;10;26,4;0,011;47636;47678
19;10;26,412;0,012;47686;47706
19;10;26,424;0,012;47695;47715
19;10;26,436;0,012;47713;47738
19;10;26,448;0,012;47725;47736
19;10;26,459;0,011;47741;47733
19;10;26,471;0,012;47772;47734
19;10;26,483;0,012;47788;47755
19;10;26,495;0,012;47794;47743
19;10;26,506;0,011;47773;47743
19;10;26,518;0,012;47756;47732
19;10;26,53;0,012;47693;47688
19;10;26,542;0,012;47600;47625
19;10;26,553;0,011;47398;47557
19;10;26,564;0,011;47370;47521
19;10;26,577;0,013;47324;47512
19;10;26,589;0,012;47337;47500
19;10;26,601;0,012;47318;47522
19;10;26,613;0,012;47294;47524
19;10;26,625;0,012;47303;47525
19;10;26,637;0,012;47329;47538
19;10;26,648;0,011;47335;47515
19;10;26,659;0,011;47349;47527
19;10;26,672;0,013;47345;47534
19;10;26,683;0,011;47353;47541
19;10;26,695;0,012;47360;47552
19;10;26,707;0,012;47357;47562
19;10;26,719;0,012;47372;47561
19;10;26,731;0,012;47388;47553
19;10;26,742;0,011;47402;47560
19;10;26,754;0,012;47410;47568
19;10;26,765;0,011;47412;47568
19;10;26,777;0,012;47407;47561
19;10;26,789;0,012;47401;47561
19;10;26,8;0,011;47385;47550
19;10;26,812;0,012;47372;47548
19;10;26,824;0,012;47357;47545
19;10;26,836;0,012;47360;47539
19;10;26,848;0,012;47369;47541
19;10;26,859;0,011;47344;47535
19;10;26,871;0,012;47360;47555
19;10;26,883;0,012;47372;47535
19;10;26,894;0,011;47381;47547
19;10;26,906;0,012;47394;47551
19;10;26,918;0,012;47395;47575
19;10;26,93;0,012;47397;47574
19;10;26,942;0,012;47412;47564
19;10;26,952;0,01;47447;47597
19;10;26,965;0,013;47470;47590
19;10;26,977;0,012;47495;47634
19;10;26,989;0,012;47507;47618
19;10;27;0,011;47513;47617
19;10;27,12;0,12;47514;47609
19;10;27,24;0,12;47543;47611
19;10;27,35;0,11;47531;47618
19;10;27,47;0,12;47554;47610
19;10;27,58;0,11;47554;47641
19;10;27,71;0,13;47560;47642
19;10;27,82;0,11;47576;47625
19;10;27,93;0,11;47574;47636
19;10;27,105;-0,825;47572;47637
19;10;27,117;0,012;47593;47650
19;10;27,129;0,012;47585;47639
19;10;27,14;0,011;47596;47633
19;10;27,152;0,012;47614;47643
19;10;27,165;0,013;47630;47650
19;10;27,176;0,011;47628;47652
19;10;27,187;0,011;47644;47653
19;10;27,199;0,012;47666;47658
19;10;27,211;0,012;47688;47672
19;10;27,223;0,012;47687;47671
19;10;27,235;0,012;47718;47672
19;10;27,247;0,012;47719;47667
19;10;27,258;0,011;47722;47676
19;10;27,27;0,012;47706;47674
19;10;27,281;0,011;47670;47653
19;10;27,293;0,012;47581;47587
19;10;27,306;0,013;47432;47555
19;10;27,317;0,011;47371;47513
19;10;27,328;0,011;47332;47483
19;10;27,34;0,012;47303;47474
19;10;27,352;0,012;47294;47466
19;10;27,365;0,013;47288;47482
19;10;27,377;0,012;47254;47474
19;10;27,388;0,011;47275;47496
19;10;27,399;0,011;47283;47483
19;10;27,411;0,012;47279;47487
19;10;27,423;0,012;47284;47475
19;10;27,434;0,011;47302;47491
19;10;27,446;0,012;47316;47501
19;10;27,458;0,012;47329;47497
19;10;27,47;0,012;47336;47508
19;10;27,482;0,012;47348;47512
19;10;27,494;0,012;47357;47523
19;10;27,505;0,011;47369;47524
19;10;27,516;0,011;47386;47517
19;10;27,529;0,013;47382;47542
19;10;27,54;0,011;47375;47537
19;10;27,552;0,012;47374;47530
19;10;27,564;0,012;47368;47520
19;10;27,576;0,012;47339;47505
19;10;27,588;0,012;47331;47519
19;10;27,599;0,011;47323;47507
19;10;27,611;0,012;47344;47513
19;10;27,622;0,011;47337;47475
19;10;27,634;0,012;47333;47495
19;10;27,647;0,013;47359;47506
19;10;27,658;0,011;47371;47485
19;10;27,67;0,012;47386;47503
19;10;27,68;0,01;47376;47545
19;10;27,692;0,012;47399;47525
19;10;27,704;0,012;47400;47550
19;10;27,716;0,012;47433;47540
19;10;27,727;0,011;47461;47551
19;10;27,739;0,012;47473;47548
19;10;27,751;0,012;47485;47568
19;10;27,763;0,012;47492;47551
19;10;27,775;0,012;47473;47593
19;10;27,786;0,011;47490;47578
19;10;27,798;0,012;47493;47579
19;10;27,81;0,012;47510;47599
19;10;27,822;0,012;47484;47589
19;10;27,834;0,012;47499;47583
19;10;27,845;0,011;47514;47606
19;10;27,858;0,013;47510;47579
19;10;27,869;0,011;47513;47600
19;10;27,88;0,011;47522;47595
19;10;27,893;0,013;47539;47577
19;10;27,904;0,011;47533;47586
19;10;27,916;0,012;47536;47589
19;10;27,927;0,011;47556;47598
19;10;27,94;0,013;47581;47605
19;10;27,95;0,01;47582;47592
19;10;27,963;0,013;47578;47630
19;10;27,975;0,012;47596;47622
19;10;27,985;0,01;47613;47621
19;10;27,997;0,012;47609;47638
19;10;28,09;0,093;47639;47631
19;10;28,21;0,12;47648;47654
19;10;28,33;0,12;47676;47646
19;10;28,45;0,12;47685;47647
19;10;28,57;0,12;47723;47683
19;10;28,68;0,11;47710;47699
19;10;28,8;0,12;47695;47696
19;10;28,92;0,12;47668;47617
19;10;28,104;-0,816;47580;47586
19;10;28,115;0,011;47479;47537
19;10;28,127;0,012;47352;47461
19;10;28,139;0,012;47278;47460
19;10;28,15;0,011;47250;47455
19;10;28,162;0,012;47216;47434
19;10;28,174;0,012;47216;47432
19;10;28,186;0,012;47206;47422
19;10;28,198;0,012;47211;47413
19;10;28,21;0,012;47197;47421
19;10;28,222;0,012;47189;47416
19;10;28,233;0,011;47206;47418
19;10;28,245;0,012;47223;47417
19;10;28,257;0,012;47206;47425
19;10;28,268;0,011;47189;47431
19;10;28,28;0,012;47209;47428
19;10;28,292;0,012;47208;47432
19;10;28,304;0,012;47204;47428
19;10;28,315;0,011;47223;47449
19;10;28,327;0,012;47230;47446
19;10;28,339;0,012;47242;47454
19;10;28,351;0,012;47234;47456
19;10;28,363;0,012;47261;47473
19;10;28,373;0,01;47225;47450
19;10;28,385;0,012;47226;47454
19;10;28,398;0,013;47226;47436
19;10;28,409;0,011;47216;47428
19;10;28,42;0,011;47218;47434
19;10;28,432;0,012;47202;47438
19;10;28,444;0,012;47217;47436
19;10;28,456;0,012;47227;47437
19;10;28,468;0,012;47231;47462
19;10;28,48;0,012;47228;47442
19;10;28,492;0,012;47254;47442
19;10;28,502;0,01;47267;47470
19;10;28,515;0,013;47270;47455
19;10;28,526;0,011;47283;47467
19;10;28,538;0,012;47302;47487
19;10;28,55;0,012;47312;47470
19;10;28,562;0,012;47323;47474
19;10;28,573;0,011;47340;47486
19;10;28,585;0,012;47356;47480
19;10;28,597;0,012;47360;47503
19;10;28,609;0,012;47358;47506
19;10;28,62;0,011;47395;47513
19;10;28,633;0,013;47391;47509
19;10;28,644;0,011;47402;47509
19;10;28,655;0,011;47414;47514
19;10;28,667;0,012;47445;47517
19;10;28,679;0,012;47423;47533
19;10;28,691;0,012;47446;47523
19;10;28,702;0,011;47438;47522
19;10;28,713;0,011;47438;47543
19;10;28,726;0,013;47456;47521
19;10;28,737;0,011;47475;47556
19;10;28,75;0,013;47461;47545
19;10;28,762;0,012;47473;47552
19;10;28,773;0,011;47487;47556
19;10;28,785;0,012;47489;47565
19;10;28,797;0,012;47507;47554
19;10;28,809;0,012;47533;47571
19;10;28,82;0,011;47550;47581
19;10;28,832;0,012;47555;47595
19;10;28,844;0,012;47568;47603
19;10;28,855;0,011;47579;47597
19;10;28,867;0,012;47601;47589
19;10;28,879;0,012;47627;47610
19;10;28,89;0,011;47649;47622
19;10;28,901;0,011;47640;47600
19;10;28,914;0,013;47593;47582
19;10;28,926;0,012;47523;47528
19;10;28,937;0,011;47439;47490
19;10;28,949;0,012;47288;47420
19;10;28,961;0,012;47250;47406
19;10;28,972;0,011;47200;47384
19;10;28,985;0,013;47163;47377
19;10;28,996;0,011;47156;47383
19;10;29,08;0,084;47170;47375
19;10;29,2;0,12;47149;47377
19;10;29,32;0,12;47141;47385
19;10;29,44;0,12;47158;47387
19;10;29,54;0,1;47169;47377
19;10;29,67;0,13;47176;47376
19;10;29,78;0,11;47177;47372
19;10;29,9;0,12;47184;47396
19;10;29,102;-0,798;47191;47396
19;10;29,113;0,011;47203;47401
19;10;29,125;0,012;47186;47407
19;10;29,137;0,012;47200;47407
19;10;29,149;0,012;47229;47415
19;10;29,16;0,011;47246;47431
19;10;29,172;0,012;47246;47420
19;10;29,184;0,012;47242;47425
19;10;29,196;0,012;47257;47436
19;10;29,207;0,011;47254;47426
19;10;29,219;0,012;47241;47414
19;10;29,232;0,013;47244;47413
19;10;29,243;0,011;47247;47406
19;10;29,255;0,012;47242;47415
19;10;29,267;0,012;47244;47404
19;10;29,278;0,011;47243;47422
19;10;29,29;0,012;47260;47434
19;10;29,302;0,012;47269;47433
19;10;29,314;0,012;47270;47422
19;10;29,325;0,011;47285;47444
19;10;29,336;0,011;47300;47462
19;10;29,348;0,012;47323;47463
19;10;29,36;0,012;47337;47453
19;10;29,372;0,012;47340;47459
19;10;29,384;0,012;47358;47470
19;10;29,395;0,011;47366;47470
19;10;29,407;0,012;47382;47472
19;10;29,419;0,012;47405;47494
19;10;29,431;0,012;47414;47495
19;10;29,442;0,011;47427;47521
19;10;29,454;0,012;47421;47518
19;10;29,466;0,012;47424;47513
19;10;29,478;0,012;47438;47527
19;10;29,488;0,01;47446;47528
19;10;29,502;0,014;47469;47542
19;10;29,513;0,011;47461;47541
19;10;29,524;0,011;47470;47553
19;10;29,535;0,011;47475;47546
19;10;29,548;0,013;47488;47550
19;10;29,56;0,012;47516;47545
19;10;29,571;0,011;47538;47568
19;10;29,582;0,011;47515;47564
19;10;29,595;0,013;47527;47566
19;10;29,607;0,012;47544;47578
19;10;29,619;0,012;47562;47571
19;10;29,629;0,01;47568;47589
19;10;29,641;0,012;47565;47579
19;10;29,653;0,012;47572;47605
19;10;29,665;0,012;47602;47608
19;10;29,677;0,012;47593;47595
19;10;29,688;0,011;47613;47614
19;10;29,7;0,012;47626;47639
19;10;29,712;0,012;47668;47646
19;10;29,724;0,012;47679;47652
19;10;29,736;0,012;47665;47658
19;10;29,747;0,011;47677;47655
19;10;29,759;0,012;47711;47654
19;10;29,77;0,011;47714;47669
19;10;29,783;0,013;47710;47659
19;10;29,794;0,011;47671;47630
19;10;29,806;0,012;47592;47579
19;10;29,818;0,012;47469;47539
19;10;29,829;0,011;47373;47483
19;10;29,841;0,012;47277;47423
19;10;29,853;0,012;47238;47431
19;10;29,865;0,012;47218;47409
19;10;29,877;0,012;47196;47396
19;10;29,888;0,011;47197;47407
19;10;29,9;0,012;47189;47426
19;10;29,913;0,013;47215;47426
19;10;29,924;0,011;47231;47418
19;10;29,935;0,011;47233;47425
19;10;29,948;0,013;47248;47435
19;10;29,96;0,012;47273;47422
19;10;29,97;0,01;47280;47438
19;10;29,983;0,013;47289;47444
19;10;29,995;0,012;47288;47451
19;10;30,06;0,065;47306;47453
19;10;30,18;0,12;47314;47458
19;10;30,29;0,11;47334;47460
19;10;30,41;0,12;47302;47466
19;10;30,53;0,12;47343;47462
19;10;30,65;0,12;47343;47459
19;10;30,77;0,12;47327;47446
19;10;30,88;0,11;47312;47446
19;10;30,1;-0,78;47319;47446
19;10;30,112;0,012;47286;47463
19;10;30,124;0,012;47311;47435
19;10;30,135;0,011;47304;47450
19;10;30,147;0,012;47303;47477
19;10;30,159;0,012;47310;47474
19;10;30,17;0,011;47323;47475
19;10;30,182;0,012;47335;47472
19;10;30,194;0,012;47352;47464
19;10;30,206;0,012;47360;47518
19;10;30,218;0,012;47388;47499
19;10;30,228;0,01;47403;47503
19;10;30,241;0,013;47425;47514
19;10;30,253;0,012;47439;47529
19;10;30,265;0,012;47445;47509
19;10;30,276;0,011;47466;47520
19;10;30,288;0,012;47469;47530
19;10;30,3;0,012;47482;47528
19;10;30,312;0,012;47475;47531
19;10;30,322;0,01;47497;47544
19;10;30,335;0,013;47489;47566
19;10;30,347;0,012;47516;47550
19;10;30,358;0,011;47511;47556
19;10;30,369;0,011;47514;47551
19;10;30,382;0,013;47525;47560
19;10;30,393;0,011;47539;47550
19;10;30,405;0,012;47526;47571
19;10;30,417;0,012;47541;47574
19;10;30,429;0,012;47550;47576
19;10;30,44;0,011;47557;47572
19;10;30,452;0,012;47595;47591
19;10;30,464;0,012;47596;47585
19;10;30,476;0,012;47609;47585
19;10;30,488;0,012;47626;47606
19;10;30,499;0,011;47651;47603
19;10;30,511;0,012;47660;47596
19;10;30,522;0,011;47702;47630
19;10;30,535;0,013;47700;47654
19;10;30,545;0,01;47718;47644
19;10;30,557;0,012;47710;47620
19;10;30,569;0,012;47689;47643
19;10;30,581;0,012;47642;47588
19;10;30,593;0,012;47456;47528
19;10;30,605;0,012;47392;47483
19;10;30,616;0,011;47342;47442
19;10;30,628;0,012;47298;47434
19;10;30,64;0,012;47277;47415
19;10;30,652;0,012;47252;47441
19;10;30,664;0,012;47259;47426
19;10;30,675;0,011;47269;47428
19;10;30,688;0,013;47273;47438
19;10;30,7;0,012;47286;47446
19;10;30,711;0,011;47294;47450
19;10;30,722;0,011;47321;47443
19;10;30,735;0,013;47340;47468
19;10;30,746;0,011;47367;47471
19;10;30,758;0,012;47356;47459
19;10;30,769;0,011;47374;47500
19;10;30,782;0,013;47385;47494
19;10;30,793;0,011;47402;47506
19;10;30,805;0,012;47432;47520
19;10;30,816;0,011;47440;47508
19;10;30,828;0,012;47437;47505
19;10;30,84;0,012;47432;47500
19;10;30,852;0,012;47405;47471
19;10;30,863;0,011;47390;47483
19;10;30,874;0,011;47367;47474
19;10;30,887;0,013;47378;47480
19;10;30,899;0,012;47381;47488
19;10;30,91;0,011;47360;47467
19;10;30,923;0,013;47375;47473
19;10;30,934;0,011;47413;47501
19;10;30,946;0,012;47420;47509
19;10;30,956;0,01;47418;47521
19;10;30,968;0,012;47446;47516
19;10;30,981;0,013;47476;47521
19;10;30,993;0,012;47475;47525
19;10;31,05;0,057;47502;47555
19;10;31,15;0,1;47509;47574
19;10;31,27;0,12;47525;47567
19;10;31,39;0,12;47545;47570
19;10;31,51;0,12;47567;47568
19;10;31,63;0,12;47576;47587
19;10;31,75;0,12;47608;47598
19;10;31,87;0,12;47629;47606
19;10;31,98;0,11;47621;47595
19;10;31,109;-0,871;47645;47596
19;10;31,122;0,013;47629;47598
19;10;31,134;0,012;47628;47633
19;10;31,145;0,011;47643;47621
19;10;31,156;0,011;47646;47626
19;10;31,169;0,013;47642;47613
19;10;31,181;0,012;47660;47617
19;10;31,192;0,011;47664;47622
19;10;31,204;0,012;47654;47629
19;10;31,215;0,011;47687;47619
19;10;31,227;0,012;47702;47639
19;10;31,239;0,012;47712;47650
19;10;31,25;0,011;47723;47666
19;10;31,263;0,013;47738;47659
19;10;31,273;0,01;47786;47692
19;10;31,286;0,013;47774;47680
19;10;31,298;0,012;47795;47672
19;10;31,309;0,011;47797;47679
19;10;31,321;0,012;47834;47707
19;10;31,333;0,012;47833;47718
19;10;31,344;0,011;47756;47638
19;10;31,356;0,012;47647;47596
19;10;31,368;0,012;47520;47534
19;10;31,38;0,012;47437;47474
19;10;31,39;0,01;47360;47450
19;10;31,403;0,013;47324;47455
19;10;31,415;0,012;47277;47428
19;10;31,427;0,012;47267;47429
19;10;31,439;0,012;47260;47414
19;10;31,45;0,011;47269;47417
19;10;31,463;0,013;47262;47424
19;10;31,474;0,011;47287;47417
19;10;31,486;0,012;47287;47433
19;10;31,497;0,011;47290;47448
19;10;31,509;0,012;47322;47439
19;10;31,521;0,012;47300;47447
19;10;31,533;0,012;47319;47433
19;10;31,544;0,011;47318;47440
19;10;31,556;0,012;47326;47442
19;10;31,568;0,012;47328;47461
19;10;31,58;0,012;47345;47470
19;10;31,591;0,011;47359;47451
19;10;31,603;0,012;47373;47474
19;10;31,615;0,012;47377;47481
19;10;31,627;0,012;47364;47474
19;10;31,639;0,012;47357;47491
19;10;31,65;0,011;47361;47489
19;10;31,662;0,012;47348;47453
19;10;31,673;0,011;47352;47455
19;10;31,685;0,012;47343;47462
19;10;31,698;0,013;47355;47481
19;10;31,708;0,01;47352;47464
19;10;31,721;0,013;47353;47471
19;10;31,733;0,012;47362;47477
19;10;31,744;0,011;47381;47491
19;10;31,756;0,012;47404;47499
19;10;31,767;0,011;47430;47502
19;10;31,779;0,012;47448;47505
19;10;31,79;0,011;47445;47512
19;10;31,803;0,013;47460;47527
19;10;31,814;0,011;47471;47517
19;10;31,826;0,012;47486;47522
19;10;31,837;0,011;47495;47538
19;10;31,85;0,013;47505;47529
19;10;31,861;0,011;47540;47546
19;10;31,873;0,012;47525;47561
19;10;31,884;0,011;47545;47566
19;10;31,896;0,012;47559;47558
19;10;31,908;0,012;47559;47564
19;10;31,92;0,012;47576;47582
19;10;31,932;0,012;47576;47569
19;10;31,943;0,011;47582;47581
19;10;31,955;0,012;47589;47577
19;10;31,967;0,012;47600;47610
19;10;31,979;0,012;47607;47597
19;10;31,99;0,011;47602;47603
19;10;1,02;-30,97;47604;47596
19;10;32,14;31,12;47605;47587
19;10;32,25;0,11;47608;47609
19;10;32,37;0,12;47654;47631
19;10;32,49;0,12;47670;47627
19;10;32,61;0,12;47667;47634
19;10;32,73;0,12;47688;47612
19;10;32,84;0,11;47702;47646
19;10;32,95;0,11;47710;47647
19;10;32,108;-0,842;47763;47686
19;10;32,12;0,012;47749;47676
19;10;32,132;0,012;47767;47667
19;10;32,143;0,011;47740;47658
19;10;32,155;0,012;47680;47608
19;10;32,167;0,012;47477;47505
19;10;32,178;0,011;47395;47452
19;10;32,19;0,012;47337;47453
19;10;32,202;0,012;47295;47415
19;10;32,213;0,011;47279;47423
19;10;32,225;0,012;47232;47404
19;10;32,238;0,013;47246;47422
19;10;32,25;0,012;47240;47417
19;10;32,261;0,011;47259;47409
19;10;32,273;0,012;47229;47403
19;10;32,284;0,011;47237;47453
19;10;32,297;0,013;47256;47437
19;10;32,308;0,011;47258;47435
19;10;32,319;0,011;47265;47435
19;10;32,331;0,012;47269;47446
19;10;32,343;0,012;47262;47454
19;10;32,355;0,012;47266;47442
19;10;32,367;0,012;47280;47432
19;10;32,378;0,011;47308;47442
19;10;32,39;0,012;47317;47451
19;10;32,402;0,012;47330;47444
19;10;32,414;0,012;47325;47460
19;10;32,425;0,011;47332;47469
19;10;32,437;0,012;47339;47457
19;10;32,449;0,012;47313;47465
19;10;32,461;0,012;47310;47475
19;10;32,471;0,01;47295;47444
19;10;32,483;0,012;47309;47455
19;10;32,496;0,013;47309;47462
19;10;32,507;0,011;47329;47434
19;10;32,519;0,012;47352;47464
19;10;32,53;0,011;47334;47446
19;10;32,542;0,012;47351;47460
19;10;32,554;0,012;47368;47477
19;10;32,566;0,012;47361;47484
19;10;32,577;0,011;47395;47500
19;10;32,59;0,013;47424;47514
19;10;32,601;0,011;47433;47508
19;10;32,613;0,012;47439;47523
19;10;32,624;0,011;47453;47511
19;10;32,637;0,013;47455;47519
19;10;32,648;0,011;47481;47554
19;10;32,66;0,012;47494;47537
19;10;32,672;0,012;47492;47542
19;10;32,684;0,012;47505;47544
19;10;32,695;0,011;47530;47540
19;10;32,707;0,012;47539;47561
19;10;32,718;0,011;47530;47574
19;10;32,73;0,012;47533;47567
19;10;32,742;0,012;47545;47550
19;10;32,753;0,011;47554;47560
19;10;32,765;0,012;47550;47556
19;10;32,777;0,012;47567;47558
19;10;32,789;0,012;47585;47560
19;10;32,801;0,012;47583;47581
19;10;32,812;0,011;47583;47602
19;10;32,824;0,012;47587;47575
19;10;32,836;0,012;47594;47584
19;10;32,847;0,011;47594;47621
19;10;32,859;0,012;47619;47597
19;10;32,871;0,012;47636;47600
19;10;32,883;0,012;47658;47620
19;10;32,894;0,011;47686;47631
19;10;32,906;0,012;47692;47613
19;10;32,918;0,012;47720;47627
19;10;32,929;0,011;47746;47652
19;10;32,942;0,013;47757;47650
19;10;32,952;0,01;47781;47673
19;10;32,965;0,013;47788;47694
19;10;32,976;0,011;47804;47679
19;10;32,989;0,013;47792;47661
19;10;33,01;0,021;47693;47600
19;10;33,11;0,1;47560;47547
19;10;33,24;0,13;47448;47498
19;10;33,36;0,12;47382;47454
19;10;33,47;0,11;47331;47449
19;10;33,59;0,12;47265;47419
19;10;33,71;0,12;47249;47418
19;10;33,83;0,12;47245;47417
19;10;33,94;0,11;47242;47402
19;10;33,107;-0,833;47252;47429
19;10;33,118;0,011;47253;47422
19;10;33,129;0,011;47284;47442
19;10;33,142;0,013;47301;47439
19;10;33,154;0,012;47296;47431
19;10;33,165;0,011;47310;47431
19;10;33,176;0,011;47305;47441
19;10;33,189;0,013;47304;47451
19;10;33,201;0,012;47347;47460
19;10;33,211;0,01;47359;47467
19;10;33,224;0,013;47379;47477
19;10;33,236;0,012;47380;47488
19;10;33,248;0,012;47381;47486
19;10;33,258;0,01;47397;47480
19;10;33,271;0,013;47386;47458
19;10;33,283;0,012;47372;47455
19;10;33,294;0,011;47369;47457
19;10;33,306;0,012;47350;47455
19;10;33,318;0,012;47342;47443
19;10;33,329;0,011;47348;47442
19;10;33,341;0,012;47348;47457
19;10;33,353;0,012;47350;47455
19;10;33,365;0,012;47368;47461
19;10;33,376;0,011;47379;47457
19;10;33,388;0,012;47375;47472
19;10;33,399;0,011;47417;47500
19;10;33,411;0,012;47428;47504
19;10;33,423;0,012;47436;47503
19;10;33,435;0,012;47454;47499
19;10;33,447;0,012;47483;47530
19;10;33,458;0,011;47487;47518
19;10;33,471;0,013;47518;47532
19;10;33,482;0,011;47516;47537
19;10;33,494;0,012;47540;47544
19;10;33,505;0,011;47535;47556
19;10;33,517;0,012;47546;47566
19;10;33,528;0,011;47576;47568
19;10;33,54;0,012;47574;47579
19;10;33,552;0,012;47599;47574
19;10;33,564;0,012;47593;47583
19;10;33,576;0,012;47606;47585
19;10;33,588;0,012;47629;47589
19;10;33,599;0,011;47615;47579
19;10;33,61;0,011;47626;47581
19;10;33,623;0,013;47640;47603
19;10;33,635;0,012;47651;47601
19;10;33,646;0,011;47649;47609
19;10;33,658;0,012;47660;47584
19;10;33,67;0,012;47659;47626
19;10;33,682;0,012;47687;47617
19;10;33,693;0,011;47689;47608
19;10;33,704;0,011;47715;47617
19;10;33,717;0,013;47732;47656
19;10;33,728;0,011;47742;47645
19;10;33,74;0,012;47769;47643
19;10;33,752;0,012;47799;47666
19;10;33,764;0,012;47817;47662
19;10;33,775;0,011;47841;47672
19;10;33,787;0,012;47831;47698
19;10;33,799;0,012;47858;47682
19;10;33,81;0,011;47852;47680
19;10;33,822;0,012;47747;47626
19;10;33,834;0,012;47672;47584
19;10;33,845;0,011;47532;47511
19;10;33,857;0,012;47456;47473
19;10;33,869;0,012;47373;47424
19;10;33,881;0,012;47332;47424
19;10;33,893;0,012;47319;47426
19;10;33,905;0,012;47308;47428
19;10;33,917;0,012;47308;47419
19;10;33,928;0,011;47326;47427
19;10;33,941;0,013;47344;47438
19;10;33,952;0,011;47362;47447
19;10;33,963;0,011;47366;47479
19;10;33,976;0,013;47407;47471
19;10;33,987;0,011;47406;47466
19;10;33,999;0,012;47423;47477
19;10;34,11;0,111;47426;47490
19;10;34,22;0,11;47448;47505
19;10;34,34;0,12;47472;47520
19;10;34,45;0,11;47511;47503
19;10;34,57;0,12;47502;47522
19;10;34,69;0,12;47517;47515
19;10;34,8;0,11;47507;47512
19;10;34,92;0,12;47480;47494
19;10;34,104;-0,816;47460;47481
19;10;34,116;0,012;47442;47474
19;10;34,128;0,012;47436;47501
19;10;34,14;0,012;47440;47487
19;10;34,151;0,011;47433;47496
19;10;34,163;0,012;47425;47501
19;10;34,175;0,012;47435;47499
19;10;34,187;0,012;47439;47513
19;10;34,198;0,011;47453;47499
19;10;34,21;0,012;47470;47511
19;10;34,222;0,012;47506;47535
19;10;34,234;0,012;47527;47553
19;10;34,245;0,011;47550;47551
19;10;34,257;0,012;47548;47548
19;10;34,269;0,012;47566;47571
19;10;34,28;0,011;47553;47559
19;10;34,293;0,013;47614;47582
19;10;34,303;0,01;47592;47574
19;10;34,315;0,012;47609;47584
19;10;34,327;0,012;47609;47564
19;10;34,339;0,012;47626;47582
19;10;34,351;0,012;47634;47575
19;10;34,362;0,011;47648;47600
19;10;34,374;0,012;47661;47596
19;10;34,386;0,012;47673;47609
19;10;34,397;0,011;47675;47609
19;10;34,409;0,012;47677;47608
19;10;34,421;0,012;47697;47618
19;10;34,433;0,012;47706;47613
19;10;34,445;0,012;47711;47642
19;10;34,456;0,011;47722;47639
19;10;34,468;0,012;47718;47632
19;10;34,48;0,012;47744;47621
19;10;34,491;0,011;47741;47635
19;10;34,503;0,012;47766;47665
19;10;34,515;0,012;47779;47654
19;10;34,527;0,012;47795;47659
19;10;34,539;0,012;47813;47685
19;10;34,55;0,011;47801;47668
19;10;34,562;0,012;47826;47654
19;10;34,574;0,012;47767;47642
19;10;34,586;0,012;47708;47606
19;10;34,597;0,011;47586;47539
19;10;34,609;0,012;47494;47518
19;10;34,621;0,012;47418;47448
19;10;34,632;0,011;47385;47446
19;10;34,644;0,012;47349;47442
19;10;34,656;0,012;47326;47437
19;10;34,669;0,013;47311;47438
19;10;34,68;0,011;47339;47442
19;10;34,691;0,011;47343;47447
19;10;34,703;0,012;47372;47471
19;10;34,715;0,012;47409;47456
19;10;34,727;0,012;47410;47466
19;10;34,739;0,012;47423;47479
19;10;34,75;0,011;47439;47487
19;10;34,762;0,012;47476;47496
19;10;34,774;0,012;47509;47533
19;10;34,786;0,012;47528;47547
19;10;34,797;0,011;47541;47554
19;10;34,809;0,012;47564;47555
19;10;34,821;0,012;47549;47537
19;10;34,833;0,012;47540;47538
19;10;34,843;0,01;47503;47530
19;10;34,856;0,013;47498;47518
19;10;34,868;0,012;47486;47489
19;10;34,88;0,012;47476;47490
19;10;34,891;0,011;47465;47483
19;10;34,903;0,012;47463;47488
19;10;34,914;0,011;47467;47504
19;10;34,926;0,012;47482;47504
19;10;34,938;0,012;47469;47505
19;10;34,95;0,012;47474;47506
19;10;34,962;0,012;47506;47515
19;10;34,973;0,011;47513;47542
19;10;34,985;0,012;47542;47521
19;10;34,996;0,011;47554;47556
19;10;35,09;0,094;47575;47546
19;10;35,2;0,11;47591;47579
19;10;35,31;0,11;47598;47562
19;10;35,43;0,12;47621;47579
19;10;35,56;0,13;47654;47572
19;10;35,67;0,11;47663;47588
19;10;35,79;0,12;47658;47591
19;10;35,91;0,12;47696;47579
19;10;35,103;-0,807;47682;47580
19;10;35,114;0,011;47712;47605
19;10;35,126;0,012;47711;47615
19;10;35,138;0,012;47710;47620
19;10;35,149;0,011;47713;47620
19;10;35,161;0,012;47748;47610
19;10;35,173;0,012;47755;47603
19;10;35,184;0,011;47781;47651
19;10;35,196;0,012;47778;47640
19;10;35,208;0,012;47786;47656
19;10;35,22;0,012;47772;47643
19;10;35,231;0,011;47792;47669
19;10;35,244;0,013;47805;47654
19;10;35,255;0,011;47826;47666
19;10;35,266;0,011;47826;47695
19;10;35,278;0,012;47801;47665
19;10;35,29;0,012;47763;47633
19;10;35,302;0,012;47700;47604
19;10;35,314;0,012;47583;47550
19;10;35,325;0,011;47415;47458
19;10;35,337;0,012;47386;47441
19;10;35,348;0,011;47350;47436
19;10;35,361;0,013;47317;47416
19;10;35,373;0,012;47294;47419
19;10;35,384;0,011;47306;47438
19;10;35,397;0,013;47289;47430
19;10;35,408;0,011;47306;47431
19;10;35,42;0,012;47302;47423
19;10;35,431;0,011;47302;47409
19;10;35,443;0,012;47317;47416
19;10;35,455;0,012;47333;47416
19;10;35,466;0,011;47339;47446
19;10;35,479;0,013;47358;47445
19;10;35,491;0,012;47337;47431
19;10;35,501;0,01;47338;47452
19;10;35,514;0,013;47374;47441
19;10;35,525;0,011;47370;47464
19;10;35,537;0,012;47387;47457
19;10;35,548;0,011;47398;47458
19;10;35,56;0,012;47400;47461
19;10;35,572;0,012;47386;47437
19;10;35,584;0,012;47379;47441
19;10;35,596;0,012;47340;47427
19;10;35,608;0,012;47358;47438
19;10;35,619;0,011;47346;47429
19;10;35,631;0,012;47338;47456
19;10;35,643;0,012;47374;47436
19;10;35,655;0,012;47368;47459
19;10;35,665;0,01;47372;47463
19;10;35,678;0,013;47385;47451
19;10;35,69;0,012;47412;47466
19;10;35,702;0,012;47412;47483
19;10;35,713;0,011;47448;47479
19;10;35,725;0,012;47460;47481
19;10;35,736;0,011;47455;47504
19;10;35,748;0,012;47477;47495
19;10;35,76;0,012;47494;47495
19;10;35,772;0,012;47503;47515
19;10;35,784;0,012;47496;47515
19;10;35,796;0,012;47511;47512
19;10;35,806;0,01;47514;47492
19;10;35,818;0,012;47520;47519
19;10;35,831;0,013;47524;47514
19;10;35,843;0,012;47533;47536
19;10;35,854;0,011;47539;47529
19;10;35,865;0,011;47543;47521
19;10;35,878;0,013;47555;47521
19;10;35,889;0,011;47575;47545
19;10;35,901;0,012;47581;47543
19;10;35,913;0,012;47578;47532
19;10;35,925;0,012;47603;47539
19;10;35,936;0,011;47597;47553
19;10;35,947;0,011;47625;47565
19;10;35,959;0,012;47630;47581
19;10;35,972;0,013;47634;47582
19;10;35,982;0,01;47666;47573
19;10;35,995;0,013;47665;47582
19;10;36,06;0,065;47602;47558
19;10;36,18;0,12;47521;47501
19;10;36,3;0,12;47452;47442
19;10;36,42;0,12;47362;47397
19;10;36,53;0,11;47298;47385
19;10;36,65;0,12;47233;47357
19;10;36,77;0,12;47196;47348
19;10;36,89;0,12;47185;47333
19;10;36,101;-0,789;47173;47339
19;10;36,113;0,012;47155;47348
19;10;36,125;0,012;47163;47330
19;10;36,136;0,011;47168;47333
19;10;36,147;0,011;47192;47323
19;10;36,16;0,013;47180;47331
19;10;36,171;0,011;47171;47329
19;10;36,182;0,011;47192;47338
19;10;36,195;0,013;47191;47354
19;10;36,207;0,012;47204;47351
19;10;36,218;0,011;47201;47348
19;10;36,23;0,012;47214;47366
19;10;36,242;0,012;47247;47381
19;10;36,254;0,012;47262;47387
19;10;36,265;0,011;47273;47390
19;10;36,277;0,012;47247;47404
19;10;36,289;0,012;47247;47365
19;10;36,3;0,011;47248;47355
19;10;36,313;0,013;47214;47386
19;10;36,324;0,011;47223;47332
19;10;36,335;0,011;47226;47354
19;10;36,348;0,013;47203;47340
19;10;36,36;0,012;47218;47351
19;10;36,37;0,01;47207;47359
19;10;36,382;0,012;47219;47357
19;10;36,394;0,012;47225;47367
19;10;36,405;0,011;47237;47373
19;10;36,417;0,012;47252;47388
19;10;36,429;0,012;47273;47398
19;10;36,442;0,013;47303;47387
19;10;36,453;0,011;47294;47421
19;10;36,465;0,012;47306;47409
19;10;36,477;0,012;47310;47407
19;10;36,488;0,011;47330;47426
19;10;36,5;0,012;47339;47419
19;10;36,512;0,012;47354;47405
19;10;36,523;0,011;47357;47415
19;10;36,535;0,012;47367;47419
19;10;36,546;0,011;47389;47422
19;10;36,559;0,013;47402;47423
19;10;36,57;0,011;47405;47431
19;10;36,581;0,011;47413;47450
19;10;36,593;0,012;47417;47420
19;10;36,605;0,012;47426;47448
19;10;36,617;0,012;47418;47442
19;10;36,628;0,011;47440;47440
19;10;36,641;0,013;47443;47451
19;10;36,653;0,012;47454;47463
19;10;36,664;0,011;47466;47466
19;10;36,675;0,011;47468;47460
19;10;36,688;0,013;47501;47479
19;10;36,699;0,011;47535;47502
19;10;36,711;0,012;47546;47493
19;10;36,723;0,012;47557;47487
19;10;36,734;0,011;47550;47510
19;10;36,747;0,013;47571;47521
19;10;36,758;0,011;47591;47528
19;10;36,769;0,011;47591;47505
19;10;36,782;0,013;47559;47476
19;10;36,794;0,012;47480;47439
19;10;36,805;0,011;47397;47403
19;10;36,816;0,011;47306;47352
19;10;36,829;0,013;47262;47325
19;10;36,841;0,012;47156;47292
19;10;36,852;0,011;47132;47281
19;10;36,863;0,011;47099;47256
19;10;36,876;0,013;47098;47263
19;10;36,888;0,012;47082;47277
19;10;36,9;0,012;47102;47264
19;10;36,911;0,011;47097;47276
19;10;36,923;0,012;47107;47279
19;10;36,935;0,012;47114;47280
19;10;36,947;0,012;47118;47290
;;;0,011742582;;
